millis,stamp,datetime,motion
1000, 1533041314, 2018/7/31 12:48:34, Inactive
1999, 1533041315, 2018/7/31 12:48:35, Inactive
2999, 1533041316, 2018/7/31 12:48:36, Inactive
3998, 1533041317, 2018/7/31 12:48:37, Inactive
4999, 1533041318, 2018/7/31 12:48:38, Inactive
5999, 1533041319, 2018/7/31 12:48:39, Inactive
6999, 1533041320, 2018/7/31 12:48:40, Inactive
7999, 1533041321, 2018/7/31 12:48:41, Inactive
8999, 1533041322, 2018/7/31 12:48:42, Inactive
9999, 1533041323, 2018/7/31 12:48:43, Inactive
10998, 1533041324, 2018/7/31 12:48:44, Active
11999, 1533041325, 2018/7/31 12:48:45, Active
12999, 1533041326, 2018/7/31 12:48:46, Active
13999, 1533041327, 2018/7/31 12:48:47, Active
14999, 1533041328, 2018/7/31 12:48:48, Active
16000, 1533041329, 2018/7/31 12:48:49, Active
16999, 1533041330, 2018/7/31 12:48:50, Active
17999, 1533041331, 2018/7/31 12:48:51, Active
18999, 1533041332, 2018/7/31 12:48:52, Active
19999, 1533041333, 2018/7/31 12:48:53, Active
20999, 1533041334, 2018/7/31 12:48:54, Active
21999, 1533041335, 2018/7/31 12:48:55, Active
23000, 1533041336, 2018/7/31 12:48:56, Active
23999, 1533041337, 2018/7/31 12:48:57, Active
24999, 1533041338, 2018/7/31 12:48:58, Active
25999, 1533041339, 2018/7/31 12:48:59, Active
26999, 1533041340, 2018/7/31 12:49:0, Active
27999, 1533041341, 2018/7/31 12:49:1, Active
28999, 1533041342, 2018/7/31 12:49:2, Active
29999, 1533041343, 2018/7/31 12:49:3, Active
30999, 1533041344, 2018/7/31 12:49:4, Active
32000, 1533041345, 2018/7/31 12:49:5, Active
32999, 1533041346, 2018/7/31 12:49:6, Active
33999, 1533041347, 2018/7/31 12:49:7, Active
34999, 1533041348, 2018/7/31 12:49:8, Active
35999, 1533041349, 2018/7/31 12:49:9, Active
36999, 1533041350, 2018/7/31 12:49:10, Active
37999, 1533041351, 2018/7/31 12:49:11, Active
38999, 1533041352, 2018/7/31 12:49:12, Active
39999, 1533041353, 2018/7/31 12:49:13, Active
40999, 1533041354, 2018/7/31 12:49:14, Active
41999, 1533041355, 2018/7/31 12:49:15, Active
42999, 1533041356, 2018/7/31 12:49:16, Active
43999, 1533041357, 2018/7/31 12:49:17, Active
44999, 1533041358, 2018/7/31 12:49:18, Active
45999, 1533041359, 2018/7/31 12:49:19, Active
46999, 1533041360, 2018/7/31 12:49:20, Active
48000, 1533041361, 2018/7/31 12:49:21, Active
48999, 1533041362, 2018/7/31 12:49:22, Active
49998, 1533041363, 2018/7/31 12:49:23, Active
50999, 1533041364, 2018/7/31 12:49:24, Active
51999, 1533041365, 2018/7/31 12:49:25, Active
52999, 1533041366, 2018/7/31 12:49:26, Active
53999, 1533041367, 2018/7/31 12:49:27, Active
55000, 1533041368, 2018/7/31 12:49:28, Active
55999, 1533041369, 2018/7/31 12:49:29, Active
56999, 1533041370, 2018/7/31 12:49:30, Active
57999, 1533041371, 2018/7/31 12:49:31, Active
58999, 1533041372, 2018/7/31 12:49:32, Active
59999, 1533041373, 2018/7/31 12:49:33, Active
60999, 1533041374, 2018/7/31 12:49:34, Active
61999, 1533041375, 2018/7/31 12:49:35, Active
62999, 1533041376, 2018/7/31 12:49:36, Active
64000, 1533041377, 2018/7/31 12:49:37, Active
64999, 1533041378, 2018/7/31 12:49:38, Active
65999, 1533041379, 2018/7/31 12:49:39, Active
66999, 1533041380, 2018/7/31 12:49:40, Active
67999, 1533041381, 2018/7/31 12:49:41, Active
68999, 1533041382, 2018/7/31 12:49:42, Active
69999, 1533041383, 2018/7/31 12:49:43, Active
70999, 1533041384, 2018/7/31 12:49:44, Active
71999, 1533041385, 2018/7/31 12:49:45, Active
72999, 1533041386, 2018/7/31 12:49:46, Active
73999, 1533041387, 2018/7/31 12:49:47, Active
74999, 1533041388, 2018/7/31 12:49:48, Active
75999, 1533041389, 2018/7/31 12:49:49, Active
77000, 1533041390, 2018/7/31 12:49:50, Active
77999, 1533041391, 2018/7/31 12:49:51, Active
78999, 1533041392, 2018/7/31 12:49:52, Active
80000, 1533041393, 2018/7/31 12:49:53, Active
80999, 1533041394, 2018/7/31 12:49:54, Active
81999, 1533041395, 2018/7/31 12:49:55, Active
82999, 1533041396, 2018/7/31 12:49:56, Active
83999, 1533041397, 2018/7/31 12:49:57, Active
84999, 1533041398, 2018/7/31 12:49:58, Active
85999, 1533041399, 2018/7/31 12:49:59, Inactive
86999, 1533041400, 2018/7/31 12:50:0, Inactive
88000, 1533041401, 2018/7/31 12:50:1, Inactive
88999, 1533041402, 2018/7/31 12:50:2, Inactive
89999, 1533041403, 2018/7/31 12:50:3, Inactive
90999, 1533041404, 2018/7/31 12:50:4, Inactive
91999, 1533041405, 2018/7/31 12:50:5, Inactive
92999, 1533041406, 2018/7/31 12:50:6, Inactive
93999, 1533041407, 2018/7/31 12:50:7, Inactive
94999, 1533041408, 2018/7/31 12:50:8, Inactive
96000, 1533041409, 2018/7/31 12:50:9, Inactive
96999, 1533041410, 2018/7/31 12:50:10, Active
97998, 1533041411, 2018/7/31 12:50:11, Active
98999, 1533041412, 2018/7/31 12:50:12, Active
99999, 1533041413, 2018/7/31 12:50:13, Active
100999, 1533041414, 2018/7/31 12:50:14, Active
101999, 1533041415, 2018/7/31 12:50:15, Active
102999, 1533041416, 2018/7/31 12:50:16, Active
103999, 1533041417, 2018/7/31 12:50:17, Active
104999, 1533041418, 2018/7/31 12:50:18, Active
105999, 1533041419, 2018/7/31 12:50:19, Active
106998, 1533041420, 2018/7/31 12:50:20, Inactive
107999, 1533041421, 2018/7/31 12:50:21, Inactive
108999, 1533041422, 2018/7/31 12:50:22, Inactive
109999, 1533041423, 2018/7/31 12:50:23, Inactive
110999, 1533041424, 2018/7/31 12:50:24, Inactive
112000, 1533041425, 2018/7/31 12:50:25, Inactive
112999, 1533041426, 2018/7/31 12:50:26, Inactive
113999, 1533041427, 2018/7/31 12:50:27, Inactive
114999, 1533041428, 2018/7/31 12:50:28, Inactive
115999, 1533041429, 2018/7/31 12:50:29, Inactive
116999, 1533041430, 2018/7/31 12:50:30, Inactive
117999, 1533041431, 2018/7/31 12:50:31, Inactive
118999, 1533041432, 2018/7/31 12:50:32, Inactive
119999, 1533041433, 2018/7/31 12:50:33, Inactive
120999, 1533041434, 2018/7/31 12:50:34, Inactive
121999, 1533041435, 2018/7/31 12:50:35, Inactive
122999, 1533041436, 2018/7/31 12:50:36, Inactive
123999, 1533041437, 2018/7/31 12:50:37, Inactive
124999, 1533041438, 2018/7/31 12:50:38, Inactive
125999, 1533041439, 2018/7/31 12:50:39, Active
126999, 1533041440, 2018/7/31 12:50:40, Active
128000, 1533041441, 2018/7/31 12:50:41, Active
128999, 1533041442, 2018/7/31 12:50:42, Active
129999, 1533041443, 2018/7/31 12:50:43, Active
130999, 1533041444, 2018/7/31 12:50:44, Active
131999, 1533041445, 2018/7/31 12:50:45, Active
132999, 1533041446, 2018/7/31 12:50:46, Active
133999, 1533041447, 2018/7/31 12:50:47, Active
134999, 1533041448, 2018/7/31 12:50:48, Active
135999, 1533041449, 2018/7/31 12:50:49, Active
136999, 1533041450, 2018/7/31 12:50:50, Active
137999, 1533041451, 2018/7/31 12:50:51, Inactive
138999, 1533041452, 2018/7/31 12:50:52, Inactive
139999, 1533041453, 2018/7/31 12:50:53, Inactive
140999, 1533041454, 2018/7/31 12:50:54, Inactive
141999, 1533041455, 2018/7/31 12:50:55, Inactive
142999, 1533041456, 2018/7/31 12:50:56, Inactive
144000, 1533041457, 2018/7/31 12:50:57, Inactive
145000, 1533041458, 2018/7/31 12:50:58, Inactive
145999, 1533041459, 2018/7/31 12:50:59, Inactive
146999, 1533041460, 2018/7/31 12:51:0, Inactive
147999, 1533041461, 2018/7/31 12:51:1, Inactive
148999, 1533041462, 2018/7/31 12:51:2, Inactive
149999, 1533041463, 2018/7/31 12:51:3, Inactive
150999, 1533041464, 2018/7/31 12:51:4, Inactive
151999, 1533041465, 2018/7/31 12:51:5, Inactive
152999, 1533041466, 2018/7/31 12:51:6, Inactive
153999, 1533041467, 2018/7/31 12:51:7, Inactive
154999, 1533041468, 2018/7/31 12:51:8, Inactive
155999, 1533041469, 2018/7/31 12:51:9, Inactive
156999, 1533041470, 2018/7/31 12:51:10, Inactive
157999, 1533041471, 2018/7/31 12:51:11, Inactive
158999, 1533041472, 2018/7/31 12:51:12, Inactive
160000, 1533041473, 2018/7/31 12:51:13, Inactive
160999, 1533041474, 2018/7/31 12:51:14, Inactive
161998, 1533041475, 2018/7/31 12:51:15, Inactive
162999, 1533041476, 2018/7/31 12:51:16, Inactive
163999, 1533041477, 2018/7/31 12:51:17, Inactive
164999, 1533041478, 2018/7/31 12:51:18, Inactive
165999, 1533041479, 2018/7/31 12:51:19, Inactive
166999, 1533041480, 2018/7/31 12:51:20, Inactive
167999, 1533041481, 2018/7/31 12:51:21, Inactive
168999, 1533041482, 2018/7/31 12:51:22, Inactive
169999, 1533041483, 2018/7/31 12:51:23, Inactive
170999, 1533041484, 2018/7/31 12:51:24, Inactive
172000, 1533041485, 2018/7/31 12:51:25, Inactive
172999, 1533041486, 2018/7/31 12:51:26, Inactive
173999, 1533041487, 2018/7/31 12:51:27, Inactive
174999, 1533041488, 2018/7/31 12:51:28, Inactive
176000, 1533041489, 2018/7/31 12:51:29, Inactive
176999, 1533041490, 2018/7/31 12:51:30, Inactive
177999, 1533041491, 2018/7/31 12:51:31, Inactive
178999, 1533041492, 2018/7/31 12:51:32, Inactive
179999, 1533041493, 2018/7/31 12:51:33, Inactive
180999, 1533041494, 2018/7/31 12:51:34, Inactive
181999, 1533041495, 2018/7/31 12:51:35, Inactive
183000, 1533041496, 2018/7/31 12:51:36, Inactive
183999, 1533041497, 2018/7/31 12:51:37, Active
184999, 1533041498, 2018/7/31 12:51:38, Active
185999, 1533041499, 2018/7/31 12:51:39, Active
186999, 1533041500, 2018/7/31 12:51:40, Active
187999, 1533041501, 2018/7/31 12:51:41, Active
188999, 1533041502, 2018/7/31 12:51:42, Active
189999, 1533041503, 2018/7/31 12:51:43, Active
190999, 1533041504, 2018/7/31 12:51:44, Inactive
191998, 1533041505, 2018/7/31 12:51:45, Inactive
192999, 1533041506, 2018/7/31 12:51:46, Inactive
193999, 1533041507, 2018/7/31 12:51:47, Inactive
194999, 1533041508, 2018/7/31 12:51:48, Inactive
195999, 1533041509, 2018/7/31 12:51:49, Inactive
196999, 1533041510, 2018/7/31 12:51:50, Inactive
197999, 1533041511, 2018/7/31 12:51:51, Inactive
198999, 1533041512, 2018/7/31 12:51:52, Active
199999, 1533041513, 2018/7/31 12:51:53, Active
200999, 1533041514, 2018/7/31 12:51:54, Active
201999, 1533041515, 2018/7/31 12:51:55, Active
203000, 1533041516, 2018/7/31 12:51:56, Active
203999, 1533041517, 2018/7/31 12:51:57, Active
204999, 1533041518, 2018/7/31 12:51:58, Active
205999, 1533041519, 2018/7/31 12:51:59, Active
206999, 1533041520, 2018/7/31 12:52:0, Active
208000, 1533041521, 2018/7/31 12:52:1, Active
208999, 1533041522, 2018/7/31 12:52:2, Active
209999, 1533041523, 2018/7/31 12:52:3, Active
210999, 1533041524, 2018/7/31 12:52:4, Active
211999, 1533041525, 2018/7/31 12:52:5, Active
212999, 1533041526, 2018/7/31 12:52:6, Inactive
213999, 1533041527, 2018/7/31 12:52:7, Inactive
215000, 1533041528, 2018/7/31 12:52:8, Inactive
215999, 1533041529, 2018/7/31 12:52:9, Inactive
216999, 1533041530, 2018/7/31 12:52:10, Inactive
217999, 1533041531, 2018/7/31 12:52:11, Inactive
218999, 1533041532, 2018/7/31 12:52:12, Inactive
219999, 1533041533, 2018/7/31 12:52:13, Inactive
220999, 1533041534, 2018/7/31 12:52:14, Inactive
221999, 1533041535, 2018/7/31 12:52:15, Inactive
222999, 1533041536, 2018/7/31 12:52:16, Inactive
223998, 1533041537, 2018/7/31 12:52:17, Inactive
224999, 1533041538, 2018/7/31 12:52:18, Inactive
225999, 1533041539, 2018/7/31 12:52:19, Inactive
226999, 1533041540, 2018/7/31 12:52:20, Inactive
227999, 1533041541, 2018/7/31 12:52:21, Inactive
229000, 1533041542, 2018/7/31 12:52:22, Inactive
229999, 1533041543, 2018/7/31 12:52:23, Inactive
230999, 1533041544, 2018/7/31 12:52:24, Inactive
231999, 1533041545, 2018/7/31 12:52:25, Inactive
232999, 1533041546, 2018/7/31 12:52:26, Inactive
233999, 1533041547, 2018/7/31 12:52:27, Inactive
234999, 1533041548, 2018/7/31 12:52:28, Inactive
235999, 1533041549, 2018/7/31 12:52:29, Inactive
236999, 1533041550, 2018/7/31 12:52:30, Inactive
237999, 1533041551, 2018/7/31 12:52:31, Inactive
238999, 1533041552, 2018/7/31 12:52:32, Inactive
240000, 1533041553, 2018/7/31 12:52:33, Inactive
240999, 1533041554, 2018/7/31 12:52:34, Inactive
241999, 1533041555, 2018/7/31 12:52:35, Inactive
242999, 1533041556, 2018/7/31 12:52:36, Inactive
243999, 1533041557, 2018/7/31 12:52:37, Inactive
245000, 1533041558, 2018/7/31 12:52:38, Active
245999, 1533041559, 2018/7/31 12:52:39, Active
246999, 1533041560, 2018/7/31 12:52:40, Active
247999, 1533041561, 2018/7/31 12:52:41, Active
248999, 1533041562, 2018/7/31 12:52:42, Active
249999, 1533041563, 2018/7/31 12:52:43, Active
250999, 1533041564, 2018/7/31 12:52:44, Active
251999, 1533041565, 2018/7/31 12:52:45, Active
252999, 1533041566, 2018/7/31 12:52:46, Active
253999, 1533041567, 2018/7/31 12:52:47, Inactive
254999, 1533041568, 2018/7/31 12:52:48, Inactive
255998, 1533041569, 2018/7/31 12:52:49, Inactive
256999, 1533041570, 2018/7/31 12:52:50, Inactive
257999, 1533041571, 2018/7/31 12:52:51, Inactive
258999, 1533041572, 2018/7/31 12:52:52, Inactive
259999, 1533041573, 2018/7/31 12:52:53, Inactive
261000, 1533041574, 2018/7/31 12:52:54, Inactive
261999, 1533041575, 2018/7/31 12:52:55, Inactive
262999, 1533041576, 2018/7/31 12:52:56, Inactive
263999, 1533041577, 2018/7/31 12:52:57, Inactive
264999, 1533041578, 2018/7/31 12:52:58, Inactive
265999, 1533041579, 2018/7/31 12:52:59, Inactive
266999, 1533041580, 2018/7/31 12:53:0, Inactive
267999, 1533041581, 2018/7/31 12:53:1, Inactive
268999, 1533041582, 2018/7/31 12:53:2, Inactive
269999, 1533041583, 2018/7/31 12:53:3, Inactive
270999, 1533041584, 2018/7/31 12:53:4, Inactive
272000, 1533041585, 2018/7/31 12:53:5, Inactive
272999, 1533041586, 2018/7/31 12:53:6, Inactive
273998, 1533041587, 2018/7/31 12:53:7, Inactive
274999, 1533041588, 2018/7/31 12:53:8, Inactive
275998, 1533041589, 2018/7/31 12:53:9, Inactive
276999, 1533041590, 2018/7/31 12:53:10, Inactive
277999, 1533041591, 2018/7/31 12:53:11, Inactive
279000, 1533041592, 2018/7/31 12:53:12, Inactive
279999, 1533041593, 2018/7/31 12:53:13, Inactive
280999, 1533041594, 2018/7/31 12:53:14, Inactive
281999, 1533041595, 2018/7/31 12:53:15, Inactive
282999, 1533041596, 2018/7/31 12:53:16, Inactive
283999, 1533041597, 2018/7/31 12:53:17, Inactive
284999, 1533041598, 2018/7/31 12:53:18, Inactive
285999, 1533041599, 2018/7/31 12:53:19, Inactive
286999, 1533041600, 2018/7/31 12:53:20, Inactive
288000, 1533041601, 2018/7/31 12:53:21, Inactive
288999, 1533041602, 2018/7/31 12:53:22, Inactive
289998, 1533041603, 2018/7/31 12:53:23, Inactive
290999, 1533041604, 2018/7/31 12:53:24, Inactive
291999, 1533041605, 2018/7/31 12:53:25, Inactive
292999, 1533041606, 2018/7/31 12:53:26, Inactive
293999, 1533041607, 2018/7/31 12:53:27, Inactive
294999, 1533041608, 2018/7/31 12:53:28, Inactive
295999, 1533041609, 2018/7/31 12:53:29, Inactive
296999, 1533041610, 2018/7/31 12:53:30, Inactive
297999, 1533041611, 2018/7/31 12:53:31, Inactive
298999, 1533041612, 2018/7/31 12:53:32, Inactive
299999, 1533041613, 2018/7/31 12:53:33, Inactive
301000, 1533041614, 2018/7/31 12:53:34, Inactive
301999, 1533041615, 2018/7/31 12:53:35, Inactive
302999, 1533041616, 2018/7/31 12:53:36, Inactive
304000, 1533041617, 2018/7/31 12:53:37, Inactive
304999, 1533041618, 2018/7/31 12:53:38, Inactive
305999, 1533041619, 2018/7/31 12:53:39, Inactive
306999, 1533041620, 2018/7/31 12:53:40, Inactive
307999, 1533041621, 2018/7/31 12:53:41, Inactive
308999, 1533041622, 2018/7/31 12:53:42, Inactive
309999, 1533041623, 2018/7/31 12:53:43, Inactive
311000, 1533041624, 2018/7/31 12:53:44, Inactive
311999, 1533041625, 2018/7/31 12:53:45, Inactive
312999, 1533041626, 2018/7/31 12:53:46, Inactive
313999, 1533041627, 2018/7/31 12:53:47, Inactive
314999, 1533041628, 2018/7/31 12:53:48, Inactive
315999, 1533041629, 2018/7/31 12:53:49, Inactive
316999, 1533041630, 2018/7/31 12:53:50, Inactive
317999, 1533041631, 2018/7/31 12:53:51, Inactive
318999, 1533041632, 2018/7/31 12:53:52, Inactive
320000, 1533041633, 2018/7/31 12:53:53, Inactive
320999, 1533041634, 2018/7/31 12:53:54, Inactive
321999, 1533041635, 2018/7/31 12:53:55, Inactive
322999, 1533041636, 2018/7/31 12:53:56, Inactive
323999, 1533041637, 2018/7/31 12:53:57, Inactive
324999, 1533041638, 2018/7/31 12:53:58, Inactive
325999, 1533041639, 2018/7/31 12:53:59, Inactive
326999, 1533041640, 2018/7/31 12:54:0, Inactive
327998, 1533041641, 2018/7/31 12:54:1, Inactive
328999, 1533041642, 2018/7/31 12:54:2, Inactive
329999, 1533041643, 2018/7/31 12:54:3, Inactive
330999, 1533041644, 2018/7/31 12:54:4, Inactive
331999, 1533041645, 2018/7/31 12:54:5, Inactive
332999, 1533041646, 2018/7/31 12:54:6, Inactive
333999, 1533041647, 2018/7/31 12:54:7, Inactive
334999, 1533041648, 2018/7/31 12:54:8, Inactive
336000, 1533041649, 2018/7/31 12:54:9, Inactive
336999, 1533041650, 2018/7/31 12:54:10, Inactive
337999, 1533041651, 2018/7/31 12:54:11, Inactive
338999, 1533041652, 2018/7/31 12:54:12, Inactive
339999, 1533041653, 2018/7/31 12:54:13, Inactive
340999, 1533041654, 2018/7/31 12:54:14, Inactive
341999, 1533041655, 2018/7/31 12:54:15, Inactive
342999, 1533041656, 2018/7/31 12:54:16, Inactive
343999, 1533041657, 2018/7/31 12:54:17, Inactive
344999, 1533041658, 2018/7/31 12:54:18, Inactive
345999, 1533041659, 2018/7/31 12:54:19, Inactive
346999, 1533041660, 2018/7/31 12:54:20, Inactive
347998, 1533041661, 2018/7/31 12:54:21, Inactive
348999, 1533041662, 2018/7/31 12:54:22, Inactive
349999, 1533041663, 2018/7/31 12:54:23, Inactive
350999, 1533041664, 2018/7/31 12:54:24, Inactive
351998, 1533041665, 2018/7/31 12:54:25, Inactive
352999, 1533041666, 2018/7/31 12:54:26, Active
353999, 1533041667, 2018/7/31 12:54:27, Active
